ingredient,concern,weight
1,moisture,1.0
1 2-hexanediol,moisture,1.0
2-hexanediol,moisture,1.0
4-t-butylcyclohexanol,redness,0.5
4-t-butylcyclohexanol,wrinkle,0.5
acacia decurrens flower wax,oiliness,1.0
acacia decurrens jojoba sunflower seed wax polyglyceryl-3 esters,oiliness,1.0
acacia senegal gum,moisture,0.5
acacia senegal gum,oiliness,0.5
acer saccharum extract,wrinkle,1.0
acetamide mea,moisture,1.0
acetamidoethoxyethanol,moisture,1.0
acetic acid,moisture,0.5
acetic acid,oiliness,0.5
acetyl dipeptide-1 cetyl ester,redness,0.5
acetyl dipeptide-1 cetyl ester,wrinkle,0.5
acetyl glucosamine,wrinkle,1.0
acetyl glycyl beta-alanine,wrinkle,1.0
acetyl hexapeptide-1,redness,0.5
acetyl hexapeptide-1,wrinkle,0.5
acetyl hexapeptide-8,wrinkle,1.0
acetyl octapeptide-3,wrinkle,1.0
acetyl tetrapeptide-2,moisture,0.5
acetyl tetrapeptide-2,wrinkle,0.5
acetyl tetrapeptide-5,eyebag,1.0
acetylarginyltryptophyl diphenylglycine,wrinkle,1.0
acrylates c10-30 alkyl acrylate crosspolymer,oiliness,1.0
acrylates c12-22 alkyl methacrylate copolymer,oiliness,1.0
acrylates copolymer,oiliness,1.0
acrylates dimethicone copolymer,oiliness,1.0
acrylates ethylhexyl acrylate crosspolymer,oiliness,1.0
acrylonitrile methyl methacrylate vinylidene chloride copolymer,moisture,0.5
acrylonitrile methyl methacrylate vinylidene chloride copolymer,oiliness,0.5
active ingredients homosalate 9 0,redness,1.0
active ingredients octinoxate 7 5,redness,1.0
active ingredients titanium dioxide 4,redness,1.0
active ingredients titanium dioxide 9 9,redness,1.0
adansonia digitata seed oil,oiliness,0.5
adansonia digitata seed oil,wrinkle,0.5
adenosine,wrinkle,1.0
adipic acid neopentyl glycol crosspolymer,age,0.3333333333333333
adipic acid neopentyl glycol crosspolymer,oiliness,0.3333333333333333
adipic acid neopentyl glycol crosspolymer,wrinkle,0.3333333333333333
aesculus hippocastanum seed extract,redness,1.0
ahnfeltia concinna extract,moisture,0.5
ahnfeltia concinna extract,wrinkle,0.5
alanine,wrinkle,1.0
alcohol,oiliness,0.5
alcohol,redness,0.5
alcohol denat,acne,0.25
alcohol denat,oiliness,0.25
alcohol denat,redness,0.25
alcohol denat,wrinkle,0.25
aleurites moluccana seed oil,acne,0.3333333333333333
aleurites moluccana seed oil,oiliness,0.3333333333333333
aleurites moluccana seed oil,redness,0.3333333333333333
algae extract,moisture,0.5
algae extract,wrinkle,0.5
algin,oiliness,1.0
allantoin,moisture,0.5
allantoin,oiliness,0.5
aloe,moisture,1.0
aloe barbadensis aloe vera leaf juice,oiliness,1.0
aloe barbadensis leaf extract,oiliness,1.0
aloe barbadensis leaf juice,acne,0.16666666666666669
aloe barbadensis leaf juice,age,0.16666666666666669
aloe barbadensis leaf juice,eyebag,0.16666666666666669
aloe barbadensis leaf juice,moisture,0.16666666666666669
aloe barbadensis leaf juice,oiliness,0.16666666666666669
aloe barbadensis leaf juice,redness,0.16666666666666669
aloe barbadensis leaf juice powder,moisture,0.5
aloe barbadensis leaf juice powder,oiliness,0.5
aloe vera,moisture,1.0
aloe vera aloe barbadensis leaf extract,redness,1.0
alpha-arbutin,age,0.5
alpha-arbutin,wrinkle,0.5
alpha-glucan oligosaccharide,moisture,0.5
alpha-glucan oligosaccharide,wrinkle,0.5
alpha-isomethyl ionone,oiliness,1.0
alteromonas ferment extract,acne,0.5
alteromonas ferment extract,redness,0.5
alumina,oiliness,1.0
aluminum hydroxide,moisture,0.5
aluminum hydroxide,redness,0.5
aluminum starch octenylsuccinate,oiliness,1.0
amaranthus caudatus seed extract,oiliness,1.0
amino acids,moisture,1.0
aminomethyl propanol,moisture,1.0
aminopropyl ascorbyl phosphate,age,0.5
aminopropyl ascorbyl phosphate,wrinkle,0.5
ammonia,moisture,1.0
ammonium acryloyldimethyltaurate vp copolymer,oiliness,1.0
ammonium glycolate,moisture,0.5
ammonium glycolate,oiliness,0.5
ammonium lauryl sulfate,oiliness,1.0
ammonium polyacryloyldimethyl taurate,oiliness,1.0
ammonium xylenesulfonate,moisture,0.5
ammonium xylenesulfonate,oiliness,0.5
amodimethicone,oiliness,0.5
amodimethicone,wrinkle,0.5
ananas sativus fruit extract,moisture,0.5
ananas sativus fruit extract,wrinkle,0.5
anhydroxylitol,moisture,1.0
anthemis nobilis flower extract,redness,1.0
anthemis nobilis flower oil,oiliness,1.0
anthocyanins,oiliness,1.0
apigenin,redness,1.0
arachidyl alcohol,oiliness,1.0
arachidyl glucoside,oiliness,1.0
arbutin,age,1.0
arctium lappa root extract,oiliness,0.5
arctium lappa root extract,redness,0.5
arctostaphylos uva-ursi leaf extract,oiliness,0.5
arctostaphylos uva-ursi leaf extract,redness,0.5
argania spinosa kernel oil,acne,0.3333333333333333
argania spinosa kernel oil,oiliness,0.3333333333333333
argania spinosa kernel oil,wrinkle,0.3333333333333333
arginine,wrinkle,1.0
arnica montana extract,oiliness,1.0
arnica montana flower extract,oiliness,0.5
arnica montana flower extract,redness,0.5
aronia melanocarpa fruit extract,moisture,1.0
ascorbic acid,moisture,0.25
ascorbic acid,oiliness,0.25
ascorbic acid,redness,0.25
ascorbic acid,wrinkle,0.25
ascorbyl glucoside,wrinkle,1.0
ascorbyl palmitate,oiliness,0.5
ascorbyl palmitate,wrinkle,0.5
asiatic acid,wrinkle,1.0
asiaticoside,wrinkle,1.0
aspartic acid,wrinkle,1.0
astaxanthin,age,0.25
astaxanthin,moisture,0.25
astaxanthin,oiliness,0.25
astaxanthin,wrinkle,0.25
astragalus membranaceus root extract,acne,0.5
astragalus membranaceus root extract,moisture,0.5
avena sativa kernel extract,acne,0.5
avena sativa kernel extract,redness,0.5
avena sativa kernel flour,acne,0.5
avena sativa kernel flour,oiliness,0.5
azelaic acid,age,0.5
azelaic acid,redness,0.5
bakuchiol,age,1.0
barosma betulina leaf extract,oiliness,1.0
beeswax,moisture,1.0
behentrimonium methosulfate,moisture,1.0
behenyl alcohol,oiliness,1.0
bentonite,moisture,0.3333333333333333
bentonite,oiliness,0.3333333333333333
bentonite,redness,0.3333333333333333
benzoic acid,moisture,0.5
benzoic acid,oiliness,0.5
benzophenone-3,oiliness,1.0
benzophenone-4,oiliness,1.0
benzophenone-5,moisture,0.5
benzophenone-5,oiliness,0.5
benzotriazolyl dodecyl p-cresol,oiliness,1.0
benzoyl peroxide,acne,1.0
benzyl alcohol,oiliness,1.0
benzyl benzoate,oiliness,1.0
benzyl salicylate,oiliness,1.0
beta vulgaris root extract,moisture,1.0
beta-glucan,oiliness,0.3333333333333333
beta-glucan,redness,0.3333333333333333
beta-glucan,wrinkle,0.3333333333333333
betaine,moisture,1.0
betaine salicylate,oiliness,1.0
betula alba bark extract,moisture,0.5
betula alba bark extract,oiliness,0.5
bha,moisture,0.5
bha,wrinkle,0.5
bht,moisture,0.5
bht,redness,0.5
bifida ferment lysate,redness,0.5
bifida ferment lysate,wrinkle,0.5
bilinmeyen bilesenler,moisture,1.0
biosaccharide gum-1,moisture,1.0
biosaccharide gum-2,moisture,0.5
biosaccharide gum-2,wrinkle,0.5
biotin,moisture,0.5
biotin,wrinkle,0.5
biotinoyl tripeptide-1,wrinkle,1.0
bis-diglyceryl polyacyladipate-2,oiliness,1.0
bis-ethylhexyl hydroxydimethoxy benzylmalonate,acne,0.3333333333333333
bis-ethylhexyl hydroxydimethoxy benzylmalonate,oiliness,0.3333333333333333
bis-ethylhexyl hydroxydimethoxy benzylmalonate,redness,0.3333333333333333
bis-ethylhexyloxyphenol methoxyphenyl triazine,oiliness,1.0
bis-peg ppg-14 14 dimethicone,oiliness,1.0
bis-peg-18 methyl ether dimethyl silane,oiliness,1.0
bisabolol,redness,1.0
borago officinalis leaf extract,oiliness,1.0
borago officinalis seed oil,oiliness,1.0
boron nitride,oiliness,1.0
boswellia serrata extract,oiliness,0.5
boswellia serrata extract,wrinkle,0.5
buddleja davidii meristem cell culture,moisture,1.0
butane,oiliness,0.5
butane,redness,0.5
butyl methoxydibenzoylmethane,oiliness,1.0
butylene ethylene styrene copolymer,oiliness,1.0
butylene glycol,age,0.16666666666666666
butylene glycol,eyebag,0.16666666666666666
butylene glycol,moisture,0.16666666666666666
butylene glycol,oiliness,0.16666666666666666
butylene glycol,redness,0.16666666666666666
butylene glycol,wrinkle,0.16666666666666666
butyloctyl salicylate,moisture,0.5
butyloctyl salicylate,oiliness,0.5
butylphenyl methylpropional,oiliness,1.0
butyrospermum parkii butter,redness,1.0
butyrospermum parkii shea butter,wrinkle,1.0
c10-30 cholesterol lanosterol esters,oiliness,1.0
c12-14 pareth-12,oiliness,1.0
c12-15 alkyl benzoate,oiliness,1.0
c12-20 alkyl glucoside,oiliness,1.0
c13-14 isoparaffin,moisture,0.5
c13-14 isoparaffin,oiliness,0.5
c13-15 alkane,oiliness,1.0
c14-22 alcohols,oiliness,1.0
c15-19 alkane,moisture,0.5
c15-19 alkane,oiliness,0.5
c30-45 alkyl dimethicone,oiliness,1.0
caffeine,eyebag,1.0
caffeyl glucoside,redness,0.5
caffeyl glucoside,wrinkle,0.5
calcium,moisture,1.0
calendula officinalis extract,oiliness,1.0
calendula officinalis flower extract,acne,0.5
calendula officinalis flower extract,redness,0.5
calophyllum inophyllum seed oil,oiliness,0.5
calophyllum inophyllum seed oil,redness,0.5
camelina sativa seed oil,oiliness,1.0
camellia oleifera leaf extract,oiliness,1.0
camellia oleifera seed oil,acne,0.5
camellia oleifera seed oil,oiliness,0.5
camellia sinensis leaf extract,acne,0.3333333333333333
camellia sinensis leaf extract,redness,0.3333333333333333
camellia sinensis leaf extract,wrinkle,0.3333333333333333
cananga odorata flower oil,oiliness,0.5
cananga odorata flower oil,redness,0.5
candelilla cera,moisture,0.5
candelilla cera,oiliness,0.5
candelilla jojoba rice bran polyglyceryl-3 esters,oiliness,1.0
capric triglyceride,moisture,1.0
caprooyl tetrapeptide-3,age,0.5
caprooyl tetrapeptide-3,wrinkle,0.5
caprylhydroxamic acid,moisture,0.5
caprylhydroxamic acid,oiliness,0.5
caprylic,moisture,1.0
caprylic capric myristic stearic triglyceride,moisture,0.5
caprylic capric myristic stearic triglyceride,oiliness,0.5
caprylic capric triglyceride,acne,0.14285714285714285
caprylic capric triglyceride,age,0.14285714285714285
caprylic capric triglyceride,eyebag,0.14285714285714285
caprylic capric triglyceride,moisture,0.14285714285714285
caprylic capric triglyceride,oiliness,0.14285714285714285
caprylic capric triglyceride,redness,0.14285714285714285
caprylic capric triglyceride,wrinkle,0.14285714285714285
capryloyl glycerin sebacic acid copolymer,oiliness,1.0
caprylyl caprylate caprate,oiliness,1.0
caprylyl glycol,moisture,1.0
caprylyl methicone,oiliness,1.0
capsicum frutescens fruit extract,moisture,0.5
capsicum frutescens fruit extract,oiliness,0.5
caramel,moisture,0.5
caramel,oiliness,0.5
carbomer,moisture,1.0
carnosine,age,1.0
carrageenan,oiliness,1.0
carthamus tinctorius,moisture,1.0
carthamus tinctorius oleosomes,moisture,0.5
carthamus tinctorius oleosomes,oiliness,0.5
carthamus tinctorius seed oil,acne,0.5
carthamus tinctorius seed oil,oiliness,0.5
cassia alata leaf extract,redness,0.5
cassia alata leaf extract,wrinkle,0.5
castor oil,moisture,1.0
castor oil ipdi copolymer,oiliness,1.0
cellulose,oiliness,1.0
cellulose gum,oiliness,1.0
centaurea cyanus flower water,redness,1.0
centella asiatica extract,wrinkle,1.0
cera alba,oiliness,1.0
ceramide,moisture,1.0
ceramide 3,moisture,1.0
ceramide ng,moisture,0.5
ceramide ng,wrinkle,0.5
ceramide np,moisture,1.0
ceresin,moisture,0.5
ceresin,oiliness,0.5
ceteareth-20,oiliness,1.0
cetearyl alcohol,moisture,1.0
cetearyl ethylhexanoate,oiliness,1.0
cetearyl glucoside,oiliness,1.0
cetearyl isononanoate,oiliness,1.0
cetearyl nonanoate,moisture,1.0
cetearyl olivate,oiliness,1.0
cetyl alcohol,oiliness,1.0
cetyl dimethicone,oiliness,1.0
cetyl ethylhexanoate,oiliness,0.5
cetyl ethylhexanoate,redness,0.5
cetyl hydroxyethylcellulose,oiliness,1.0
cetyl lactate,moisture,0.5
cetyl lactate,oiliness,0.5
cetyl palmitate,oiliness,1.0
cetyl peg ppg-10 1 dimethicone,oiliness,1.0
cetyl phosphate,oiliness,1.0
cetylhydroxyproline palmitamide,moisture,1.0
chamomile matricaria chamomilla,redness,1.0
chamomile oil,moisture,1.0
chamomilla recutita flower extract,redness,1.0
chlorophyll,oiliness,1.0
chlorphenesin,oiliness,1.0
cholesterol,moisture,1.0
cholesteryl nonanoate,oiliness,1.0
cholesteryl oleyl carbonate,oiliness,1.0
cholesteryl stearate,oiliness,1.0
chondrus crispus,moisture,0.5
chondrus crispus,oiliness,0.5
chondrus crispus extract,oiliness,1.0
ci 14700,oiliness,1.0
ci 17200,oiliness,1.0
ci 19140,oiliness,0.5
ci 19140,redness,0.5
ci 42090,oiliness,1.0
ci 45410,moisture,0.5
ci 45410,oiliness,0.5
ci 75470,oiliness,1.0
ci 77007,moisture,0.5
ci 77007,oiliness,0.5
ci 77288,oiliness,1.0
ci 77491,moisture,0.5
ci 77491,oiliness,0.5
ci 77492,oiliness,1.0
ci 77499,moisture,0.5
ci 77499,oiliness,0.5
ci 77510,oiliness,1.0
ci 77742,oiliness,1.0
ci 77891,oiliness,1.0
ci 77947,oiliness,1.0
citral,oiliness,1.0
citric acid,moisture,1.0
citronellol,oiliness,1.0
citrullus lanatus fruit extract,redness,0.5
citrullus lanatus fruit extract,wrinkle,0.5
citrus aurantium amara flower oil,oiliness,1.0
citrus aurantium amara flower water,oiliness,1.0
citrus aurantium bergamia fruit oil,oiliness,1.0
citrus aurantium dulcis fruit extract,oiliness,1.0
citrus aurantium dulcis peel oil,oiliness,1.0
citrus grandis peel oil,oiliness,1.0
citrus limon fruit extract,oiliness,1.0
citrus limon peel oil,oiliness,1.0
citrus paradisi peel oil,oiliness,1.0
citrus reticulata peel oil,oiliness,1.0
citrus unshiu peel extract,oiliness,1.0
cocamide mea,oiliness,1.0
cocamidopropyl betaine,acne,1.0
cocamidopropyl dimethylamine,acne,0.5
cocamidopropyl dimethylamine,oiliness,0.5
cocamidopropyl hydroxysultaine,acne,0.5
cocamidopropyl hydroxysultaine,oiliness,0.5
cocamidopropylamine oxide,oiliness,1.0
coceth-7,oiliness,1.0
coco-caprylate,oiliness,1.0
coco-caprylate caprate,oiliness,1.0
coco-glucoside,acne,0.5
coco-glucoside,oiliness,0.5
coconut alkanes,oiliness,1.0
coconut oil,moisture,1.0
cocos nucifera coconut oil,acne,1.0
cocos nucifera fruit extract,moisture,0.5
cocos nucifera fruit extract,oiliness,0.5
cocos nucifera fruit juice,moisture,0.5
cocos nucifera fruit juice,wrinkle,0.5
cocos nucifera oil,acne,0.5
cocos nucifera oil,oiliness,0.5
cocos nucifera water,moisture,0.5
cocos nucifera water,oiliness,0.5
collagen,moisture,0.5
collagen,wrinkle,0.5
collagen amino acids,moisture,0.5
collagen amino acids,wrinkle,0.5
colloidal oatmeal,moisture,0.5
colloidal oatmeal,redness,0.5
copper chlorophyll,oiliness,1.0
copper gluconate,redness,0.5
copper gluconate,wrinkle,0.5
copper lysinate prolinate,wrinkle,1.0
copper palmitoyl heptapeptide-14,wrinkle,1.0
copper tripeptide-1,age,0.3333333333333333
copper tripeptide-1,moisture,0.3333333333333333
copper tripeptide-1,wrinkle,0.3333333333333333
coptis japonica root extract,oiliness,1.0
corn starch,acne,1.0
coumarin,oiliness,1.0
crambe abyssinica seed oil,oiliness,1.0
cucumis sativus fruit extract,eyebag,0.5
cucumis sativus fruit extract,wrinkle,0.5
cucumis sativus seed oil,oiliness,1.0
curcuma longa root extract,acne,0.5
curcuma longa root extract,oiliness,0.5
curcumin,redness,1.0
cyamopsis tetragonoloba gum,oiliness,1.0
cyclohexasiloxane,oiliness,1.0
cyclomethicone,moisture,1.0
cyclopentasiloxane,age,0.25
cyclopentasiloxane,eyebag,0.25
cyclopentasiloxane,redness,0.25
cyclopentasiloxane,wrinkle,0.25
cyclotetrasiloxane,oiliness,0.5
cyclotetrasiloxane,redness,0.5
cypripedium pubescens extract,redness,1.0
daucus carota sativa root extract,oiliness,1.0
decyl glucoside,acne,0.5
decyl glucoside,oiliness,0.5
decyl isostearate,redness,1.0
decyl oleate,moisture,1.0
dehydroacetic acid,moisture,0.5
dehydroacetic acid,oiliness,0.5
dextrin,moisture,1.0
diazolidinyl urea,moisture,0.5
diazolidinyl urea,wrinkle,0.5
dibutyl adipate,oiliness,1.0
dibutyl ethylhexanoyl glutamide,oiliness,1.0
dibutyl lauroyl glutamide,oiliness,1.0
dicaprylyl carbonate,oiliness,1.0
dicaprylyl ether,oiliness,0.5
dicaprylyl ether,redness,0.5
diethylhexyl carbonate,oiliness,1.0
diethylhexyl syringylidenemalonate,oiliness,1.0
diglucosyl gallic acid,redness,1.0
diglycerin,moisture,1.0
diheptyl succinate,oiliness,1.0
diisopropyl adipate,oiliness,1.0
diisopropyl dimer dilinoleate,oiliness,1.0
diisopropyl sebacate,oiliness,1.0
diisostearoyl polyglyceryl-3 dimer dilinoleate,oiliness,1.0
dimethicone,age,0.19999999999999998
dimethicone,eyebag,0.19999999999999998
dimethicone,moisture,0.19999999999999998
dimethicone,redness,0.19999999999999998
dimethicone,wrinkle,0.19999999999999998
dimethicone crosspolymer,oiliness,1.0
dimethicone peg-10 15 crosspolymer,oiliness,1.0
dimethicone vinyl dimethicone crosspolymer,oiliness,1.0
dimethiconol,oiliness,1.0
dimethyl isosorbide,acne,1.0
dimethylacrylamide acrylic acid polystyrene ethyl methacrylate copolymer,oiliness,1.0
dimethylmethoxy chromanol,redness,0.5
dimethylmethoxy chromanol,wrinkle,0.5
dipentaerythrityl hexacaprylate hexacaprate,oiliness,1.0
dipeptide diaminobutyroyl benzylamide diacetate,wrinkle,1.0
dipeptide-2,eyebag,1.0
dipotassium edta,moisture,1.0
dipotassium glycyrrhizate,acne,1.0
dipropylene glycol,moisture,1.0
dipropylene glycol dibenzoate,moisture,0.5
dipropylene glycol dibenzoate,oiliness,0.5
disiloxane,oiliness,1.0
disodium acetyl glucosamine phosphate,moisture,1.0
disodium cetearyl sulfosuccinate,oiliness,1.0
disodium coco-glucoside citrate,acne,0.5
disodium coco-glucoside citrate,oiliness,0.5
disodium cocoamphodiacetate,acne,0.5
disodium cocoamphodiacetate,oiliness,0.5
disodium cocoamphodipropionate,acne,0.5
disodium cocoamphodipropionate,oiliness,0.5
disodium edta,moisture,0.5
disodium edta,oiliness,0.5
disodium laureth sulfosuccinate,acne,0.5
disodium laureth sulfosuccinate,oiliness,0.5
disodium lauriminodipropionate tocopheryl phosphates,acne,0.5
disodium lauriminodipropionate tocopheryl phosphates,redness,0.5
disteardimonium hectorite,moisture,0.5
disteardimonium hectorite,oiliness,0.5
dmdm hydantoin,moisture,0.5
dmdm hydantoin,wrinkle,0.5
dodecane,oiliness,1.0
ectoin,moisture,0.25
ectoin,oiliness,0.25
ectoin,redness,0.25
ectoin,wrinkle,0.25
edta,moisture,0.5
edta,oiliness,0.5
elaeis guineensis oil,moisture,1.0
elastin,moisture,1.0
epigallocatechin gallate,acne,0.5
epigallocatechin gallate,redness,0.5
epigallocatechin gallatyl glucoside,redness,0.5
epigallocatechin gallatyl glucoside,wrinkle,0.5
erythrulose,oiliness,1.0
ethoxydiglycol,acne,1.0
ethyl ascorbic acid,oiliness,0.5
ethyl ascorbic acid,wrinkle,0.5
ethyl hexanediol,moisture,0.5
ethyl hexanediol,oiliness,0.5
ethyl linoleate,oiliness,1.0
ethyl linolenate,oiliness,1.0
ethyl menthane carboxamide,moisture,0.5
ethyl menthane carboxamide,wrinkle,0.5
ethyl oleate,oiliness,1.0
ethylbisiminomethylguaiacol manganese chloride,redness,1.0
ethylene propylene styrene copolymer,oiliness,1.0
ethylhexyl dimethyl paba,oiliness,1.0
ethylhexyl hydroxystearate,moisture,0.5
ethylhexyl hydroxystearate,oiliness,0.5
ethylhexyl methoxycinnamate,oiliness,1.0
ethylhexyl palmitate,oiliness,0.5
ethylhexyl palmitate,redness,0.5
ethylhexyl salicylate,oiliness,1.0
ethylhexyl stearate,oiliness,1.0
ethylhexylglycerin,moisture,0.5
ethylhexylglycerin,redness,0.5
ethylparaben,moisture,1.0
eucalyptus citriodora oil,oiliness,1.0
eucalyptus globulus leaf oil,oiliness,1.0
eucalyptus radiata leaf oil,oiliness,1.0
eugenol,oiliness,1.0
farnesol,oiliness,1.0
ferulic acid,moisture,0.5
ferulic acid,wrinkle,0.5
fructose,moisture,1.0
galactoarabinan,age,1.0
galactomyces ferment filtrate,wrinkle,1.0
gallyl glucoside,oiliness,1.0
gelatin,wrinkle,1.0
genistein,redness,0.5
genistein,wrinkle,0.5
geraniol,oiliness,1.0
globularia cordifolia callus culture extract,redness,1.0
glucomannan,age,0.5
glucomannan,wrinkle,0.5
gluconolactone,oiliness,0.5
gluconolactone,redness,0.5
glucosamine,moisture,1.0
glucose,moisture,1.0
glutamic acid,moisture,1.0
glutamylamidoethyl imidazole,moisture,0.5
glutamylamidoethyl imidazole,wrinkle,0.5
glycereth-26,moisture,1.0
glycereth-7 trimethyl ether,oiliness,1.0
glycerin,acne,0.14285714285714285
glycerin,age,0.14285714285714285
glycerin,eyebag,0.14285714285714285
glycerin,moisture,0.14285714285714285
glycerin,oiliness,0.14285714285714285
glycerin,redness,0.14285714285714285
glycerin,wrinkle,0.14285714285714285
glycerol,moisture,1.0
glyceryl acrylate acrylic acid copolymer,moisture,1.0
glyceryl behenate,oiliness,1.0
glyceryl behenate eicosadioate,oiliness,1.0
glyceryl caprylate,oiliness,1.0
glyceryl dibehenate,oiliness,1.0
glyceryl laurate,oiliness,1.0
glyceryl oleate,oiliness,1.0
glyceryl stearate,age,0.5
glyceryl stearate,moisture,0.5
glyceryl stearate citrate,oiliness,1.0
glyceryl stearate se,moisture,1.0
glycine,wrinkle,1.0
glycine soja oil,oiliness,1.0
glycol distearate,moisture,0.5
glycol distearate,oiliness,0.5
glycolic acid,acne,0.25
glycolic acid,oiliness,0.25
glycolic acid,redness,0.25
glycolic acid,wrinkle,0.25
glycyrrhetinic acid,moisture,0.5
glycyrrhetinic acid,redness,0.5
glycyrrhiza glabra root extract,redness,1.0
green tea extract,acne,1.0
haematococcus pluvialis extract,oiliness,1.0
hamamelis virginiana bark leaf twig extract,oiliness,0.5
hamamelis virginiana bark leaf twig extract,redness,0.5
hamamelis virginiana extract,oiliness,1.0
hamamelis virginiana leaf extract,oiliness,0.5
hamamelis virginiana leaf extract,wrinkle,0.5
hamamelis virginiana leaf water,oiliness,1.0
hamamelis virginiana witch hazel water,oiliness,1.0
hdi trimethylol hexyllactone crosspolymer,wrinkle,1.0
helianthus annuus extract,oiliness,1.0
helianthus annuus seed oil,acne,0.5
helianthus annuus seed oil,oiliness,0.5
helianthus annuus seed oil unsaponifiables,oiliness,1.0
helianthus annuus sunflower seed oil,acne,1.0
heptapeptide-15 palmitate,wrinkle,1.0
hesperidin,oiliness,1.0
hesperidin methyl chalcone,eyebag,0.5
hesperidin methyl chalcone,redness,0.5
hexanoyl dipeptide-3 norleucine acetate,wrinkle,1.0
hexapeptide-9,wrinkle,1.0
hexyl cinnamal,oiliness,1.0
hexyl laurate,oiliness,1.0
hexyl nicotinate,moisture,0.5
hexyl nicotinate,redness,0.5
hexyldecanol,oiliness,1.0
hexylene glycol,redness,1.0
hexylresorcinol,age,0.5
hexylresorcinol,redness,0.5
hippophae rhamnoides fruit oil,oiliness,1.0
histidine,moisture,0.5
histidine,wrinkle,0.5
homosalate,oiliness,1.0
honey,acne,0.5
honey,moisture,0.5
honey extract,moisture,0.5
honey extract,oiliness,0.5
houttuynia cordata extract,moisture,1.0
human fibroblast conditioned media,age,0.3333333333333333
human fibroblast conditioned media,redness,0.3333333333333333
human fibroblast conditioned media,wrinkle,0.3333333333333333
hyaluronic acid,moisture,1.0
hydrogen dimethicone,oiliness,1.0
hydrogenated castor oil,moisture,0.5
hydrogenated castor oil,oiliness,0.5
hydrogenated coco-glycerides,oiliness,1.0
hydrogenated lecithin,moisture,1.0
hydrogenated polydecene,moisture,0.5
hydrogenated polydecene,oiliness,0.5
hydrogenated polyisobutene,oiliness,1.0
hydrogenated vegetable glycerides,oiliness,1.0
hydrolyzed collagen,moisture,0.5
hydrolyzed collagen,wrinkle,0.5
hydrolyzed corn starch,moisture,1.0
hydrolyzed hyaluronic acid,acne,0.3333333333333333
hydrolyzed hyaluronic acid,redness,0.3333333333333333
hydrolyzed hyaluronic acid,wrinkle,0.3333333333333333
hydrolyzed marine collagen,wrinkle,1.0
hydrolyzed placental protein,moisture,0.5
hydrolyzed placental protein,wrinkle,0.5
hydrolyzed sodium hyaluronate,moisture,0.5
hydrolyzed sodium hyaluronate,wrinkle,0.5
hydrolyzed wheat protein pvp crosspolymer,moisture,0.5
hydrolyzed wheat protein pvp crosspolymer,oiliness,0.5
hydrolyzed yeast extract,moisture,0.5
hydrolyzed yeast extract,wrinkle,0.5
hydroxyacetophenone,oiliness,1.0
hydroxycitronellal,oiliness,1.0
hydroxyethyl acrylate sodium acryloyldimethyl taurate copolymer,oiliness,1.0
hydroxyethyl urea,moisture,1.0
hydroxyethylcellulose,moisture,1.0
hydroxymethoxyphenyl decanone,wrinkle,1.0
hydroxypalmitoyl sphinganine,moisture,1.0
hydroxyphenoxy propionic acid,wrinkle,1.0
hydroxyphenyl propamidobenzoic acid,redness,1.0
hydroxypinacolone retinoate,acne,0.5
hydroxypinacolone retinoate,wrinkle,0.5
hydroxypropyl bispalmitamide mea,moisture,1.0
hydroxypropyl cyclodextrin,oiliness,1.0
hydroxypropyl methylcellulose,moisture,0.5
hydroxypropyl methylcellulose,oiliness,0.5
hydroxypropyl tetrahydropyrantriol,moisture,0.5
hydroxypropyl tetrahydropyrantriol,wrinkle,0.5
imperata cylindrica root extract,moisture,1.0
inulin,moisture,0.5
inulin,oiliness,0.5
inulin lauryl carbamate,oiliness,1.0
iodopropynyl butylcarbamate,acne,0.5
iodopropynyl butylcarbamate,moisture,0.5
iron oxides,oiliness,1.0
isoamyl cocoate,oiliness,1.0
isoamyl laurate,oiliness,1.0
isoamyl p-methoxycinnamate,oiliness,1.0
isobutane,oiliness,1.0
isoceteth-20,oiliness,1.0
isocetyl stearate,oiliness,1.0
isocetyl stearoyl stearate,oiliness,1.0
isodecyl neopentanoate,oiliness,1.0
isodecyl salicylate,moisture,0.5
isodecyl salicylate,oiliness,0.5
isododecane,oiliness,1.0
isohexadecane,oiliness,0.5
isohexadecane,redness,0.5
isoleucine,moisture,0.5
isoleucine,wrinkle,0.5
isononyl isononanoate,oiliness,1.0
isopentyldiol,moisture,1.0
isopropyl cloprostenate,redness,1.0
isopropyl isostearate,moisture,1.0
isopropyl lauroyl sarcosinate,oiliness,1.0
isopropyl myristate,moisture,1.0
isopropyl palmitate,moisture,1.0
isosorbide dicaprylate,moisture,0.5
isosorbide dicaprylate,oiliness,0.5
isostearic acid,oiliness,1.0
isostearyl alcohol,moisture,1.0
isostearyl isostearate,oiliness,1.0
jojoba esters,oiliness,1.0
jojoba oil,moisture,1.0
jojoba oil macadamia seed oil esters,moisture,0.5
jojoba oil macadamia seed oil esters,oiliness,0.5
kaempferol,redness,1.0
kaolin,acne,0.5
kaolin,moisture,0.5
kappaphycus alvarezii extract,moisture,0.5
kappaphycus alvarezii extract,wrinkle,0.5
keratin,moisture,1.0
kigelia africana fruit extract,wrinkle,1.0
kojic acid,age,1.0
l-arginine,acne,1.0
lactic acid,moisture,1.0
lactobacillus arundinaria gigantea ferment filtrate,oiliness,1.0
lactobacillus eriodictyon californicum ferment extract,moisture,0.5
lactobacillus eriodictyon californicum ferment extract,oiliness,0.5
lactobacillus ferment,acne,0.5
lactobacillus ferment,redness,0.5
lactobacillus ferment lysate filtrate,oiliness,0.3333333333333333
lactobacillus ferment lysate filtrate,redness,0.3333333333333333
lactobacillus ferment lysate filtrate,wrinkle,0.3333333333333333
lactobacillus kelp ferment filtrate,oiliness,1.0
lactobacillus nereocystis luetkeana ferment filtrate,moisture,0.5
lactobacillus nereocystis luetkeana ferment filtrate,oiliness,0.5
lactobacillus pumpkin ferment extract,redness,0.5
lactobacillus pumpkin ferment extract,wrinkle,0.5
lactobacillus punica granatum fruit ferment extract,moisture,0.5
lactobacillus punica granatum fruit ferment extract,wrinkle,0.5
lactobionic acid,oiliness,1.0
lactococcus ferment lysate,moisture,0.5
lactococcus ferment lysate,wrinkle,0.5
laminaria saccharina extract,acne,1.0
lanolin,moisture,1.0
laureth-23,oiliness,1.0
laureth-3,moisture,1.0
laureth-7,oiliness,1.0
lauric acid,acne,0.5
lauric acid,oiliness,0.5
lauryl glucoside,acne,0.5
lauryl glucoside,oiliness,0.5
lauryl peg-9 polydimethylsiloxyethyl dimethicone,oiliness,1.0
lavandula angustifolia oil,oiliness,0.3333333333333333
lavandula angustifolia oil,redness,0.3333333333333333
lavandula angustifolia oil,wrinkle,0.3333333333333333
lecithin,moisture,0.5
lecithin,oiliness,0.5
lens esculenta fruit extract,age,0.5
lens esculenta fruit extract,moisture,0.5
lentinus edodes mycelium extract,redness,0.5
lentinus edodes mycelium extract,wrinkle,0.5
leontopodium alpinum callus culture extract,wrinkle,1.0
leptospermum scoparium branch leaf oil,acne,0.5
leptospermum scoparium branch leaf oil,oiliness,0.5
leuconostoc ferment filtrate,oiliness,1.0
leuconostoc radish root ferment filtrate,moisture,0.5
leuconostoc radish root ferment filtrate,oiliness,0.5
limnanthes alba seed oil,oiliness,1.0
limonene,oiliness,1.0
linalool,oiliness,1.0
linoleic acid,acne,0.5
linoleic acid,oiliness,0.5
linum usitatissimum seed oil,oiliness,1.0
lonicera caprifolium extract,moisture,0.5
lonicera caprifolium extract,oiliness,0.5
lonicera japonica flower extract,acne,0.5
lonicera japonica flower extract,redness,0.5
macadamia integrifolia seed oil,oiliness,1.0
macadamia ternifolia seed oil,acne,0.5
macadamia ternifolia seed oil,oiliness,0.5
madecassic acid,wrinkle,1.0
madecassoside,redness,1.0
magnesium,moisture,1.0
magnesium aluminum silicate,moisture,0.5
magnesium aluminum silicate,oiliness,0.5
magnesium ascorbyl phosphate,wrinkle,1.0
magnesium chloride,oiliness,1.0
magnesium sulfate,oiliness,1.0
malic acid,moisture,1.0
maltodextrin,moisture,0.5
maltodextrin,oiliness,0.5
malus domestica fruit cell culture,wrinkle,1.0
mandelic acid,acne,1.0
mannitol,moisture,1.0
mannose,moisture,1.0
melaleuca alternifolia leaf oil,acne,0.5
melaleuca alternifolia leaf oil,oiliness,0.5
melissa officinalis leaf oil,oiliness,1.0
mentha piperita oil,oiliness,1.0
menthol,moisture,1.0
menthone glycerin acetal,oiliness,1.0
menthyl lactate,moisture,0.5
menthyl lactate,oiliness,0.5
methicone,oiliness,1.0
methyl diisopropyl propionamide,moisture,0.5
methyl diisopropyl propionamide,oiliness,0.5
methyl gluceth-10,moisture,1.0
methyl gluceth-20,moisture,0.5
methyl gluceth-20,oiliness,0.5
methyl glucose sesquistearate,oiliness,1.0
methyl methacrylate crosspolymer,age,0.5
methyl methacrylate crosspolymer,oiliness,0.5
methyl nicotinate,moisture,1.0
methyl trimethicone,moisture,0.5
methyl trimethicone,oiliness,0.5
methylchloroisothiazolinone,oiliness,1.0
methylene bis-benzotriazolyl tetramethylbutylphenol,oiliness,1.0
methylglucoside phosphate,wrinkle,1.0
methylisothiazolinone,oiliness,0.5
methylisothiazolinone,redness,0.5
methylparaben,moisture,1.0
methylpropanediol,moisture,1.0
mica,moisture,0.5
mica,oiliness,0.5
microcitrus australasica fruit extract,moisture,0.5
microcitrus australasica fruit extract,wrinkle,0.5
microcrystalline cellulose,moisture,0.5
microcrystalline cellulose,oiliness,0.5
mineral oil,moisture,0.5
mineral oil,redness,0.5
montmorillonite,oiliness,1.0
moringa oleifera seed oil,oiliness,1.0
myristic acid,oiliness,1.0
myristoyl hexapeptide-16,oiliness,1.0
myristoyl pentapeptide-17,oiliness,1.0
myristyl malate phosphonic acid,moisture,0.5
myristyl malate phosphonic acid,wrinkle,0.5
myristyl myristate,acne,1.0
myristyl nicotinate,oiliness,1.0
myrtus communis extract,acne,0.5
myrtus communis extract,oiliness,0.5
natural moisturizing factor,moisture,1.0
neopentyl glycol dicaprylate dicaprate,oiliness,1.0
neopentyl glycol diheptanoate,oiliness,1.0
niacinamide,acne,0.5
niacinamide,age,0.5
niacinamide vitamin b3,redness,1.0
nigella sativa seed oil,oiliness,1.0
nylon-12,age,1.0
octocrylene,oiliness,1.0
octyldodecanol,oiliness,1.0
oenothera biennis oil,acne,0.25
oenothera biennis oil,moisture,0.25
oenothera biennis oil,oiliness,0.25
oenothera biennis oil,redness,0.25
olea europaea fruit oil,moisture,1.0
oleic acid,acne,0.5
oleic acid,oiliness,0.5
oleic linoleic linolenic polyglycerides,oiliness,1.0
oleth-10,oiliness,1.0
oleth-3 phosphate,oiliness,1.0
oleyl erucate,oiliness,1.0
oligopeptide-68,age,0.5
oligopeptide-68,wrinkle,0.5
olive oil,moisture,1.0
olive oil glycereth-8 esters,oiliness,1.0
olive oil peg-7 esters,oiliness,1.0
onsen-sui,redness,1.0
opuntia ficus-indica extract,redness,1.0
opuntia ficus-indica fruit extract,moisture,1.0
opuntia ficus-indica seed oil,oiliness,1.0
opuntia ficus-indica stem extract,moisture,1.0
ornithine,wrinkle,1.0
oryza sativa bran oil,oiliness,1.0
oryzanol,oiliness,1.0
ozokerite,oiliness,1.0
p-anisic acid,moisture,1.0
padina pavonica thallus extract,redness,0.5
padina pavonica thallus extract,wrinkle,0.5
palmitic acid,moisture,0.5
palmitic acid,oiliness,0.5
palmitoyl grapevine shoot extract,moisture,0.5
palmitoyl grapevine shoot extract,wrinkle,0.5
palmitoyl heptapeptide-18,oiliness,0.5
palmitoyl heptapeptide-18,wrinkle,0.5
palmitoyl hexapeptide-12,moisture,0.5
palmitoyl hexapeptide-12,wrinkle,0.5
palmitoyl hexapeptide-14,age,0.5
palmitoyl hexapeptide-14,wrinkle,0.5
palmitoyl hexapeptide-19,wrinkle,1.0
palmitoyl hexapeptide-52,wrinkle,1.0
palmitoyl pentapeptide-4,age,0.3333333333333333
palmitoyl pentapeptide-4,oiliness,0.3333333333333333
palmitoyl pentapeptide-4,wrinkle,0.3333333333333333
palmitoyl tetrapeptide-7,oiliness,0.33333333333333337
palmitoyl tetrapeptide-7,redness,0.33333333333333337
palmitoyl tetrapeptide-7,wrinkle,0.33333333333333337
palmitoyl tripeptide-1,oiliness,0.5
palmitoyl tripeptide-1,wrinkle,0.5
palmitoyl tripeptide-38,wrinkle,1.0
palmitoyl tripeptide-5,wrinkle,1.0
panax ginseng root extract,oiliness,1.0
panthenol,moisture,1.0
parabens,moisture,0.5
parabens,wrinkle,0.5
paraffinum liquidum,oiliness,1.0
parfum fragrance,moisture,0.5
parfum fragrance,oiliness,0.5
passiflora edulis seed oil,acne,0.5
passiflora edulis seed oil,oiliness,0.5
pca,moisture,1.0
peat,oiliness,0.5
peat,redness,0.5
peg ppg polybutylene glycol-8 5 3 glycerin,moisture,0.5
peg ppg polybutylene glycol-8 5 3 glycerin,oiliness,0.5
peg ppg-17 6 copolymer,moisture,1.0
peg ppg-18 18 dimethicone,oiliness,1.0
peg-10 dimethicone,oiliness,1.0
peg-100 stearate,oiliness,1.0
peg-12 dimethicone,oiliness,1.0
peg-12 dimethicone ppg-20 crosspolymer,oiliness,1.0
peg-12 glyceryl dimyristate,oiliness,1.0
peg-20 glyceryl triisostearate,oiliness,1.0
peg-20 methyl glucose sesquistearate,oiliness,1.0
peg-30 dipolyhydroxystearate,oiliness,1.0
peg-40 hydrogenated castor oil,oiliness,1.0
peg-40 stearate,oiliness,1.0
peg-6,moisture,1.0
peg-6 caprylic capric glycerides,oiliness,1.0
peg-60 hydrogenated castor oil,oiliness,1.0
peg-7 glyceryl cocoate,oiliness,1.0
peg-75,moisture,0.5
peg-75,oiliness,0.5
peg-8,moisture,1.0
peg-8 dimethicone,oiliness,1.0
peg-9 polydimethylsiloxyethyl dimethicone,oiliness,1.0
pelargonium graveolens flower oil,oiliness,1.0
pelargonium graveolens leaf oil,oiliness,1.0
pelargonium graveolens oil,oiliness,1.0
pentaerythrityl tetra-di-t-butyl hydroxyhydrocinnamate,moisture,0.5
pentaerythrityl tetra-di-t-butyl hydroxyhydrocinnamate,oiliness,0.5
pentaerythrityl tetraethylhexanoate,oiliness,1.0
pentaerythrityl tetraisostearate,oiliness,1.0
pentapeptide-18,wrinkle,1.0
pentylene glycol,moisture,0.5
pentylene glycol,oiliness,0.5
peptides,moisture,1.0
perfluorodecalin,oiliness,0.5
perfluorodecalin,wrinkle,0.5
perfluorohexane,oiliness,0.5
perfluorohexane,wrinkle,0.5
perfluoroperhydrophenanthrene,oiliness,0.5
perfluoroperhydrophenanthrene,wrinkle,0.5
persea gratissima oil,oiliness,1.0
petrolatum,moisture,1.0
phellodendron amurense bark extract,acne,1.0
phenethyl alcohol,oiliness,1.0
phenoxyethanol,moisture,0.5
phenoxyethanol,oiliness,0.5
phenyl trimethicone,oiliness,1.0
phenylalanine,wrinkle,1.0
phenylbenzimidazole sulfonic acid,oiliness,1.0
phenylethyl resorcinol,age,0.5
phenylethyl resorcinol,wrinkle,0.5
phenylpropanol,oiliness,1.0
phosphate,moisture,1.0
phospholipids,moisture,0.5
phospholipids,oiliness,0.5
phytic acid,moisture,0.5
phytic acid,oiliness,0.5
phytosphingosine,moisture,1.0
phytosteryl macadamiate,moisture,0.5
phytosteryl macadamiate,oiliness,0.5
phytosteryl octyldodecyl lauroyl glutamate,moisture,0.5
phytosteryl octyldodecyl lauroyl glutamate,wrinkle,0.5
pinus pinaster bark extract,moisture,0.5
pinus pinaster bark extract,wrinkle,0.5
piper methysticum leaf root stem extract,moisture,1.0
pistacia lentiscus gum,oiliness,1.0
plantago lanceolata leaf extract,acne,1.0
plukenetia volubilis seed oil,oiliness,1.0
pogostemon cablin leaf oil,oiliness,1.0
poloxamer 184,oiliness,1.0
poloxamer 188,oiliness,1.0
poloxamer 407,oiliness,1.0
polyacrylamide,moisture,0.5
polyacrylamide,oiliness,0.5
polyacrylate crosspolymer-6,oiliness,1.0
polyacrylate-13,moisture,0.5
polyacrylate-13,oiliness,0.5
polyamide-8,oiliness,1.0
polyethylene,moisture,0.5
polyethylene,oiliness,0.5
polyglucuronic acid,moisture,0.5
polyglucuronic acid,wrinkle,0.5
polyglutamic acid,moisture,1.0
polyglycerin-3,moisture,1.0
polyglyceryl-10 behenate eicosadioate,oiliness,1.0
polyglyceryl-10 dioleate,oiliness,1.0
polyglyceryl-10 laurate,oiliness,1.0
polyglyceryl-10 stearate,oiliness,1.0
polyglyceryl-2 caprate,oiliness,1.0
polyglyceryl-2 sesquicaprylate,oiliness,1.0
polyglyceryl-3 diisostearate,moisture,1.0
polyglyceryl-3 methylglucose distearate,oiliness,1.0
polyglyceryl-3 polyricinoleate,oiliness,1.0
polyglyceryl-4 caprate,oiliness,1.0
polyglyceryl-6 behenate,oiliness,1.0
polyglyceryl-6 polyricinoleate,oiliness,1.0
polygonum aviculare extract,wrinkle,1.0
polyhydroxystearic acid,oiliness,1.0
polyisobutene,oiliness,1.0
polymethyl methacrylate,oiliness,1.0
polymethylsilsesquioxane,wrinkle,1.0
polypropylsilsesquioxane,oiliness,1.0
polyquaternium-10,moisture,0.5
polyquaternium-10,oiliness,0.5
polyquaternium-37,oiliness,1.0
polyquaternium-51,moisture,1.0
polysilicone-11,oiliness,0.5
polysilicone-11,wrinkle,0.5
polysilicone-15,oiliness,1.0
polysorbate 20,moisture,1.0
polysorbate 60,oiliness,1.0
polysorbate 80,oiliness,1.0
polyvinyl alcohol,moisture,1.0
pongamia glabra seed oil,oiliness,1.0
portulaca oleracea extract,oiliness,0.5
portulaca oleracea extract,redness,0.5
potassium,moisture,1.0
potassium acrylates c10-30 alkyl acrylate crosspolymer,oiliness,1.0
potassium alum,oiliness,1.0
potassium azeloyl diglycinate,acne,0.25
potassium azeloyl diglycinate,moisture,0.25
potassium azeloyl diglycinate,oiliness,0.25
potassium azeloyl diglycinate,redness,0.25
potassium cetyl phosphate,oiliness,1.0
potassium cocoyl glycinate,oiliness,1.0
potassium hydroxide,moisture,1.0
potassium phosphate,moisture,1.0
potassium sorbate,acne,0.5
potassium sorbate,moisture,0.5
ppg-10 methyl glucose ether,moisture,1.0
ppg-12-buteth-16,moisture,0.5
ppg-12-buteth-16,oiliness,0.5
ppg-15 stearyl ether benzoate,oiliness,1.0
ppg-26-buteth-26,oiliness,1.0
ppg-3 isostearyl methyl ether,oiliness,1.0
ppg-5-ceteth-20,oiliness,1.0
proline,wrinkle,1.0
propane,oiliness,1.0
propanediol,age,0.25
propanediol,moisture,0.25
propanediol,oiliness,0.25
propanediol,wrinkle,0.25
propylene glycol,acne,0.2
propylene glycol,eyebag,0.2
propylene glycol,moisture,0.2
propylene glycol,oiliness,0.2
propylene glycol,redness,0.2
propylene glycol dicaprylate dicaprate,oiliness,1.0
propylheptyl caprylate,oiliness,1.0
propylparaben,moisture,1.0
prunus amygdalus dulcis oil,oiliness,1.0
prunus armeniaca kernel oil,oiliness,1.0
prunus domestica seed extract,oiliness,1.0
pseudoalteromonas exopolysaccharides,moisture,0.5
pseudoalteromonas exopolysaccharides,wrinkle,0.5
pseudoalteromonas ferment extract,moisture,0.25
pseudoalteromonas ferment extract,oiliness,0.25
pseudoalteromonas ferment extract,redness,0.25
pseudoalteromonas ferment extract,wrinkle,0.25
pullulan,moisture,1.0
pulsatilla koreana extract,oiliness,1.0
punica granatum seed oil,oiliness,1.0
purified water,acne,0.25
purified water,eyebag,0.25
purified water,oiliness,0.25
purified water,redness,0.25
pvm ma decadiene crosspolymer,oiliness,1.0
pvp,moisture,0.5
pvp,wrinkle,0.5
pyrus malus fruit extract,moisture,0.5
pyrus malus fruit extract,oiliness,0.5
quercetin,oiliness,0.5
quercetin,redness,0.5
raffinose,moisture,1.0
raspberry ketone,oiliness,1.0
raspberry seed oil tocopheryl succinate aminopropanediol esters,oiliness,1.0
resveratrol,acne,0.5
resveratrol,redness,0.5
retinol,acne,1.0
retinyl palmitate,acne,0.5
retinyl palmitate,wrinkle,0.5
retinyl propionate,acne,0.5
retinyl propionate,wrinkle,0.5
retinyl retinoate,acne,0.3333333333333333
retinyl retinoate,oiliness,0.3333333333333333
retinyl retinoate,wrinkle,0.3333333333333333
ricinus communis seed oil,moisture,0.5
ricinus communis seed oil,oiliness,0.5
rosa canina fruit oil,oiliness,1.0
rosa canina seed oil,acne,0.5
rosa canina seed oil,oiliness,0.5
rosa damascena flower oil,oiliness,1.0
rosa damascena flower water,oiliness,1.0
rosa rubiginosa seed oil,acne,0.3333333333333333
rosa rubiginosa seed oil,oiliness,0.3333333333333333
rosa rubiginosa seed oil,wrinkle,0.3333333333333333
rosmarinus officinalis leaf extract,oiliness,1.0
rosmarinus officinalis leaf oil,oiliness,1.0
rosmarinyl glucoside,redness,0.5
rosmarinyl glucoside,wrinkle,0.5
rubus idaeus fruit extract,acne,0.5
rubus idaeus fruit extract,redness,0.5
rumex acetosa leaf extract,moisture,0.5
rumex acetosa leaf extract,oiliness,0.5
ruscus aculeatus root extract,redness,1.0
rutin,redness,1.0
saccharide isomerate,moisture,1.0
saccharomyces camellia sinensis leaf cladosiphon okamuranus rice ferment filtrate,moisture,1.0
saccharomyces cerevisiae extract,moisture,0.5
saccharomyces cerevisiae extract,wrinkle,0.5
saccharomyces ferment,moisture,0.5
saccharomyces ferment,wrinkle,0.5
saccharomyces ferment filtrate,wrinkle,1.0
saccharum officinarum extract,moisture,1.0
safflower oil palm oil aminopropanediol esters,oiliness,1.0
safflower seed oil,moisture,1.0
salicornia herbacea extract,moisture,0.5
salicornia herbacea extract,wrinkle,0.5
salicylic acid,acne,1.0
salix alba bark extract,oiliness,1.0
salvia hispanica seed oil,acne,0.5
salvia hispanica seed oil,oiliness,0.5
sarcosine,moisture,1.0
sclerocarya birrea seed oil,moisture,0.3333333333333333
sclerocarya birrea seed oil,oiliness,0.3333333333333333
sclerocarya birrea seed oil,redness,0.3333333333333333
sclerotium gum,oiliness,1.0
scutellaria baicalensis root extract,acne,1.0
sd alcohol 40-b,oiliness,0.5
sd alcohol 40-b,redness,0.5
secale cereale seed extract,wrinkle,1.0
serine,moisture,1.0
sesamum indicum seed oil,oiliness,1.0
sh-decapeptide-7,wrinkle,1.0
sh-octapeptide-4,wrinkle,1.0
sh-oligopeptide-1,age,0.5
sh-oligopeptide-1,wrinkle,0.5
sh-oligopeptide-2,age,0.5
sh-oligopeptide-2,wrinkle,0.5
sh-polypeptide-1,wrinkle,1.0
sh-polypeptide-11,wrinkle,1.0
sh-polypeptide-9,wrinkle,1.0
shea butter,moisture,1.0
shea butter ethyl esters,oiliness,1.0
silica,oiliness,1.0
silica dimethyl silylate,oiliness,1.0
silica silylate,oiliness,1.0
silicones,moisture,1.0
silybum marianum extract,redness,1.0
silybum marianum seed oil,acne,0.5
silybum marianum seed oil,oiliness,0.5
simethicone,oiliness,1.0
simmondsia chinensis jojoba seed oil,age,0.5
simmondsia chinensis jojoba seed oil,wrinkle,0.5
simmondsia chinensis seed oil,acne,0.5
simmondsia chinensis seed oil,oiliness,0.5
snail secretion filtrate,acne,0.33333333333333337
snail secretion filtrate,moisture,0.33333333333333337
snail secretion filtrate,wrinkle,0.33333333333333337
sodium,moisture,1.0
sodium acetylated hyaluronate,moisture,0.5
sodium acetylated hyaluronate,wrinkle,0.5
sodium acrylate sodium acryloyldimethyl taurate copolymer,oiliness,1.0
sodium acrylates c10-30 alkyl acrylate crosspolymer,oiliness,1.0
sodium acrylates copolymer,moisture,0.5
sodium acrylates copolymer,oiliness,0.5
sodium acrylates crosspolymer-2,wrinkle,1.0
sodium ascorbyl phosphate,acne,0.5
sodium ascorbyl phosphate,wrinkle,0.5
sodium benzoate,moisture,0.5
sodium benzoate,oiliness,0.5
sodium c14-16 olefin sulfonate,acne,1.0
sodium carbomer,moisture,1.0
sodium chloride,oiliness,1.0
sodium chondroitin sulfate,moisture,0.5
sodium chondroitin sulfate,wrinkle,0.5
sodium citrate,moisture,1.0
sodium cocoamphoacetate,acne,1.0
sodium cocoyl glutamate,oiliness,1.0
sodium cocoyl isethionate,acne,1.0
sodium cocoyl sarcosinate,oiliness,1.0
sodium dehydroacetate,moisture,0.5
sodium dehydroacetate,oiliness,0.5
sodium gluconate,moisture,0.5
sodium gluconate,oiliness,0.5
sodium hyaluronate,moisture,0.5
sodium hyaluronate,wrinkle,0.5
sodium hyaluronate crosspolymer,moisture,0.5
sodium hyaluronate crosspolymer,wrinkle,0.5
sodium hydroxide,moisture,1.0
sodium laureth sulfate,acne,1.0
sodium lauroyl lactylate,oiliness,1.0
sodium lauroyl methyl isethionate,oiliness,1.0
sodium lauroyl sarcosinate,oiliness,1.0
sodium lauryl sulfoacetate,oiliness,1.0
sodium methyl cocoyl taurate,moisture,0.5
sodium methyl cocoyl taurate,oiliness,0.5
sodium methyl stearoyl taurate,oiliness,1.0
sodium pca,moisture,1.0
sodium phytate,moisture,0.5
sodium phytate,oiliness,0.5
sodium polyacrylate,moisture,0.5
sodium polyacrylate,oiliness,0.5
sodium salicylate,moisture,1.0
sodium stearate,oiliness,1.0
sodium stearoyl glutamate,oiliness,1.0
soluble collagen,moisture,0.5
soluble collagen,wrinkle,0.5
solum fullonum,oiliness,1.0
sorbeth-30 tetraoleate,oiliness,1.0
sorbic acid,oiliness,1.0
sorbitan caprylate,oiliness,1.0
sorbitan isostearate,oiliness,1.0
sorbitan laurate,oiliness,1.0
sorbitan oleate,oiliness,1.0
sorbitan olivate,oiliness,1.0
sorbitan palmitate,oiliness,1.0
sorbitan sesquiisostearate,oiliness,1.0
sorbitan sesquioleate,oiliness,1.0
sorbitan stearate,oiliness,1.0
sorbitan trioleate,oiliness,1.0
sorbitol,moisture,1.0
soy amino acids,moisture,0.5
soy amino acids,wrinkle,0.5
soy isoflavones,redness,0.5
soy isoflavones,wrinkle,0.5
spiraea ulmaria extract,oiliness,0.5
spiraea ulmaria extract,redness,0.5
squalane,age,0.3333333333333333
squalane,moisture,0.3333333333333333
squalane,wrinkle,0.3333333333333333
steareth-2,oiliness,1.0
steareth-20,oiliness,1.0
steareth-21,oiliness,1.0
stearic acid,acne,0.5
stearic acid,moisture,0.5
stearyl alcohol,moisture,0.5
stearyl alcohol,oiliness,0.5
stearyl heptanoate,oiliness,1.0
stearyl stearate,moisture,1.0
styrax benzoin resin extract,oiliness,1.0
styrax tonkinensis resin extract,oiliness,1.0
styrene acrylates copolymer,oiliness,1.0
sucrose,moisture,1.0
sucrose laurate,oiliness,1.0
sucrose palmitate,oiliness,1.0
sucrose stearate,oiliness,1.0
sulfur,acne,1.0
superoxide dismutase,redness,1.0
symphytum officinale root extract,oiliness,0.5
symphytum officinale root extract,redness,0.5
synthetic fluorphlogopite,moisture,0.5
synthetic fluorphlogopite,oiliness,0.5
t-butyl alcohol,oiliness,1.0
talc,moisture,0.5
talc,oiliness,0.5
tamarindus indica seed gum,wrinkle,1.0
tapioca starch,oiliness,1.0
tasmannia lanceolata fruit leaf extract,redness,0.5
tasmannia lanceolata fruit leaf extract,wrinkle,0.5
tea tree oil,acne,0.5
tea tree oil,moisture,0.5
tea-lactate,moisture,1.0
teprenone,age,0.25
teprenone,moisture,0.25
teprenone,redness,0.25
teprenone,wrinkle,0.25
tetradecyl aminobutyroylvalylaminobutyric urea trifluoroacetate,moisture,0.5
tetradecyl aminobutyroylvalylaminobutyric urea trifluoroacetate,wrinkle,0.5
tetrahexyldecyl ascorbate,oiliness,0.5
tetrahexyldecyl ascorbate,wrinkle,0.5
tetrahydrobisdemethoxydiferuloylmethane,oiliness,0.5
tetrahydrobisdemethoxydiferuloylmethane,wrinkle,0.5
tetrahydrodemethoxydiferuloylmethane,oiliness,1.0
tetrahydrodiferuloylmethane,oiliness,0.5
tetrahydrodiferuloylmethane,redness,0.5
tetrapeptide-14,redness,1.0
tetrapeptide-21,wrinkle,1.0
tetrapeptide-30,acne,0.3333333333333333
tetrapeptide-30,age,0.3333333333333333
tetrapeptide-30,redness,0.3333333333333333
tetrasodium edta,moisture,0.5
tetrasodium edta,oiliness,0.5
theobroma cacao seed butter,wrinkle,1.0
thioctic acid,acne,0.5
thioctic acid,redness,0.5
threonine,wrinkle,1.0
thymus vulgaris flower leaf oil,oiliness,1.0
tin oxide,moisture,0.5
tin oxide,oiliness,0.5
titanium dioxide,oiliness,1.0
tocopherol,oiliness,0.5
tocopherol,wrinkle,0.5
tocopheryl acetate,moisture,0.5
tocopheryl acetate,wrinkle,0.5
trehalose,moisture,1.0
tremella fuciformis polysaccharide,moisture,1.0
tremella fuciformis sporocarp extract,moisture,1.0
tribehenin,oiliness,1.0
triclosan,acne,1.0
tridecyl stearate,oiliness,1.0
tridecyl trimellitate,moisture,0.5
tridecyl trimellitate,oiliness,0.5
triethanolamine,moisture,0.5
triethanolamine,wrinkle,0.5
triethoxycaprylylsilane,moisture,0.5
triethoxycaprylylsilane,oiliness,0.5
triethoxysilylethyl polydimethylsiloxyethyl hexyl dimethicone,oiliness,1.0
triethylhexanoin,moisture,1.0
trifluoroacetyl tripeptide-2,wrinkle,1.0
triheptanoin,oiliness,1.0
trihydroxystearin,oiliness,1.0
trimethylsiloxysilicate,oiliness,1.0
triolein,oiliness,1.0
tripeptide-1,acne,0.33333333333333337
tripeptide-1,oiliness,0.33333333333333337
tripeptide-1,wrinkle,0.33333333333333337
tripeptide-29,wrinkle,1.0
trisiloxane,oiliness,1.0
trisodium edta,moisture,0.5
trisodium edta,oiliness,0.5
trisodium ethylenediamine disuccinate,moisture,0.5
trisodium ethylenediamine disuccinate,oiliness,0.5
triticum vulgare germ extract,oiliness,1.0
tromethamine,moisture,1.0
tropolone,oiliness,1.0
tuber melanosporum extract,moisture,1.0
turmeric,redness,1.0
ubiquinone,oiliness,0.5
ubiquinone,wrinkle,0.5
ulmus davidiana root extract,moisture,1.0
undecylenoyl phenylalanine,age,1.0
unknown ingredients,acne,0.5
unknown ingredients,age,0.5
urea,moisture,1.0
uric acid,moisture,1.0
urtica dioica leaf extract,oiliness,0.5
urtica dioica leaf extract,wrinkle,0.5
vaccinium macrocarpon seed oil,oiliness,1.0
valine,wrinkle,1.0
vinegar,oiliness,1.0
vinyl dimethicone methicone silsesquioxane crosspolymer,oiliness,0.5
vinyl dimethicone methicone silsesquioxane crosspolymer,wrinkle,0.5
vitamin c,age,1.0
vitis vinifera,moisture,1.0
vitis vinifera fruit extract,oiliness,1.0
vitis vinifera grape seed oil,wrinkle,1.0
vitis vinifera seed extract,oiliness,0.5
vitis vinifera seed extract,wrinkle,0.5
vitis vinifera seed oil,oiliness,1.0
vp va copolymer,moisture,0.5
vp va copolymer,oiliness,0.5
water,moisture,1.0
whey protein,wrinkle,1.0
xanthan gum,moisture,1.0
xanthophyll,moisture,0.5
xanthophyll,wrinkle,0.5
xylitol,moisture,1.0
xylitylglucoside,moisture,1.0
yeast extract,moisture,0.5
yeast extract,oiliness,0.5
zanthoxylum piperitum fruit extract,acne,1.0
zea mays starch,oiliness,1.0
zinc,acne,1.0
zinc coceth sulfate,acne,1.0
zinc gluconate,acne,1.0
zinc oxide,moisture,1.0
zinc pca,acne,0.25
zinc pca,moisture,0.25
zinc pca,oiliness,0.25
zinc pca,wrinkle,0.25
zinc stearate,moisture,0.5
zinc stearate,oiliness,0.5
zingiber officinale root extract,oiliness,0.5
zingiber officinale root extract,redness,0.5
